[{"categoryString":"EXTENSION","dateBuilt":"2022-06-01","nonVisible":"true","iconName":"aiwebres/icon.png","methods":[{"deprecated":"false","name":"CreateLayout","description":"","params":[{"name":"id","type":"text"},{"name":"in","type":"component"},{"name":"header","type":"component"},{"name":"content","type":"component"},{"name":"orientation","type":"text"}]},{"deprecated":"false","name":"CreateLayoutFirst","description":"","params":[{"name":"id","type":"text"},{"name":"in","type":"component"},{"name":"header","type":"component"},{"name":"content","type":"component"},{"name":"orientation","type":"text"}]},{"deprecated":"false","name":"Expand","description":"","params":[{"name":"id","type":"text"},{"name":"duration","type":"number"},{"name":"animate","type":"boolean"}]},{"deprecated":"false","name":"Collapse","description":"","params":[{"name":"id","type":"text"},{"name":"duration","type":"number"},{"name":"animate","type":"boolean"}]},{"deprecated":"false","name":"IsExpanded","description":"","params":[{"name":"id","type":"text"}],"returnType":"boolean"},{"deprecated":"false","name":"IdExist","description":"","params":[{"name":"id","type":"text"}],"returnType":"boolean"},{"deprecated":"false","name":"Remove","description":"","params":[{"name":"id","type":"text"}]}],"blockProperties":[{"rw":"read-only","deprecated":"false","name":"Vertical","description":"","type":"text"},{"rw":"read-only","deprecated":"false","name":"Horizontal","description":"","type":"text"}],"helpUrl":"","licenseName":"","type":"com.sumit1334.expandablelayout.ExpandableView","androidMinSdk":7,"versionName":"1.3","version":"13","external":"true","showOnPalette":"true","name":"ExpandableView","helpString":"<p>This Extension helps you to expand or collapse layout with custom views with many customisations. <br> Developed By <a href=\"https://community.kodular.io/u/sumit1334/\" target =\"_blank\">Sumit<\/a> with <a href=\"https://community.kodular.io/t/rush-a-new-and-improved-way-of-building-extensions/111470?u=sumit1334\" target=\"_blank\">Rush<\/a><\/p>\n","events":[{"deprecated":"false","name":"Expanded","description":"","params":[{"name":"id","type":"text"}]},{"deprecated":"false","name":"Expanding","description":"","params":[{"name":"id","type":"text"},{"name":"expandFraction","type":"number"}]},{"deprecated":"false","name":"Collapsed","description":"","params":[{"name":"id","type":"text"}]},{"deprecated":"false","name":"Collapsing","description":"","params":[{"name":"id","type":"text"},{"name":"expandFraction","type":"number"}]}],"properties":[]}]